CustomerID,CustomerName,City
1,Customer 1,Surat
2,Customer 2,Ahmedabad
3,Customer 3,Mumbai
4,Customer 4,Rajkot
5,Customer 5,Rajkot
6,Customer 6,Vadodara
7,Customer 7,Surat
8,Customer 8,Surat
9,Customer 9,Delhi
10,Customer 10,Ahmedabad
11,Customer 11,Ahmedabad
12,Customer 12,Surat
13,Customer 13,Rajkot
14,Customer 14,Rajkot
15,Customer 15,Ahmedabad
16,Customer 16,Rajkot
17,Customer 17,Delhi
18,Customer 18,Rajkot
19,Customer 19,Jaipur
20,Customer 20,Mumbai
21,Customer 21,Ahmedabad
22,Customer 22,Vadodara
23,Customer 23,Delhi
24,Customer 24,Pune
25,Customer 25,Mumbai
26,Customer 26,Vadodara
27,Customer 27,Rajkot
28,Customer 28,Pune
29,Customer 29,Surat
30,Customer 30,Surat
31,Customer 31,Delhi
32,Customer 32,Surat
33,Customer 33,Pune
34,Customer 34,Pune
35,Customer 35,Mumbai
36,Customer 36,Ahmedabad
37,Customer 37,Jaipur
38,Customer 38,Surat
39,Customer 39,Delhi
40,Customer 40,Surat
41,Customer 41,Mumbai
42,Customer 42,Pune
43,Customer 43,Rajkot
44,Customer 44,Surat
45,Customer 45,Ahmedabad
46,Customer 46,Rajkot
47,Customer 47,Mumbai
48,Customer 48,Surat
49,Customer 49,Rajkot
50,Customer 50,Surat
