SalesID,Date,CustomerID,ProductID,Quantity,SalesAmount
1,2024-11-07,11,11,4,6152
2,2024-08-24,18,7,4,11424
3,2024-01-29,3,4,6,20916
4,2024-05-17,14,2,6,11646
5,2024-12-01,26,8,8,10960
6,2024-05-15,16,3,5,24940
7,2024-08-07,38,15,7,22155
8,2024-04-22,33,3,8,7552
9,2024-01-25,8,14,3,4530
10,2024-12-14,39,7,2,6704
11,2024-07-14,30,10,5,23660
12,2024-01-06,47,11,2,9196
13,2024-05-16,42,13,6,6678
14,2024-05-30,11,7,8,1808
15,2024-05-14,49,9,3,13074
16,2024-02-24,41,14,5,21790
17,2024-11-07,10,4,6,9138
18,2024-10-03,34,13,1,2855
19,2024-09-07,8,1,6,16314
20,2024-05-02,16,1,2,1802
21,2024-09-05,5,14,3,3753
22,2024-12-03,36,8,3,7113
23,2024-09-27,39,14,7,13545
24,2024-10-03,47,13,4,11012
25,2024-07-23,42,11,6,22728
26,2024-09-21,8,8,4,8160
27,2024-02-02,2,6,4,8016
28,2024-01-04,46,2,1,2075
29,2024-02-04,3,15,6,4680
30,2024-09-20,18,4,8,15640
31,2024-10-03,47,3,8,17520
32,2024-08-30,27,13,4,3888
33,2024-02-19,28,11,6,22014
34,2024-07-29,47,8,1,1006
35,2024-02-01,47,7,6,6570
36,2024-05-07,13,4,8,10784
37,2024-08-04,18,3,8,17968
38,2024-02-08,36,8,2,1228
39,2024-11-29,1,9,2,4272
40,2024-03-26,32,7,8,15608
41,2024-07-24,4,15,3,9912
42,2024-01-02,17,7,8,20288
43,2024-08-04,47,12,8,11744
44,2024-04-07,14,5,1,4944
45,2024-10-04,48,1,6,4008
46,2024-01-26,31,10,3,1995
47,2024-09-17,12,2,2,1512
48,2024-12-11,16,14,7,8274
49,2024-10-18,38,4,1,871
50,2024-08-02,38,11,6,14016
51,2024-04-14,46,11,6,12930
52,2024-05-15,9,7,5,19725
53,2024-06-10,49,15,2,552
54,2024-08-22,37,10,2,1600
55,2024-10-02,33,4,5,6425
56,2024-06-27,5,15,4,12908
57,2024-05-25,29,3,5,22665
58,2024-01-05,36,11,5,5240
59,2024-03-09,8,5,2,9464
60,2024-03-20,19,5,4,12032
61,2024-04-14,41,11,5,21700
62,2024-09-07,4,5,2,7338
63,2024-05-21,1,1,6,7626
64,2024-11-22,11,5,8,37752
65,2024-12-27,36,7,1,1116
66,2024-02-08,45,15,3,14007
67,2024-01-19,24,14,3,11160
68,2024-03-06,20,1,6,3156
69,2024-07-02,44,4,4,4168
70,2024-06-30,36,13,7,10262
71,2024-05-01,11,14,3,10731
72,2024-01-13,48,3,6,21432
73,2024-12-08,48,14,4,9540
74,2024-03-22,45,13,2,6666
75,2024-01-20,31,14,4,7336
76,2024-08-23,20,6,4,8104
77,2024-01-13,13,11,7,20223
78,2024-05-22,5,14,5,15380
79,2024-11-24,26,9,6,2556
80,2024-02-29,17,15,3,14868
81,2024-05-15,7,1,7,21217
82,2024-06-09,39,7,2,6710
83,2024-10-22,17,4,1,3772
84,2024-01-01,35,9,4,12732
85,2024-08-08,43,2,6,16626
86,2024-12-05,8,14,5,21770
87,2024-06-07,27,11,6,20976
88,2024-12-22,36,5,3,5313
89,2024-08-03,25,11,3,14586
90,2024-06-03,36,7,1,2689
91,2024-05-26,28,4,6,24054
92,2024-08-14,44,8,4,17548
93,2024-08-30,48,13,3,2682
94,2024-05-25,43,9,6,5790
95,2024-04-30,20,11,4,7324
96,2024-03-16,3,1,4,16368
97,2024-11-08,50,14,2,7860
98,2024-07-31,41,15,4,13380
99,2024-09-10,16,7,3,735
100,2024-02-24,28,13,4,6560
101,2024-12-22,30,9,1,4766
102,2024-05-07,8,15,8,10336
103,2024-08-25,34,11,6,22950
104,2024-11-09,47,14,7,32816
105,2024-08-16,11,15,8,31088
106,2024-05-12,16,13,5,22350
107,2024-09-05,16,11,5,19015
108,2024-02-09,19,12,4,9700
109,2024-06-20,35,6,2,2666
110,2024-03-18,25,4,3,5856
111,2024-02-02,27,7,6,27870
112,2024-08-26,4,7,4,14564
113,2024-07-18,50,15,1,4916
114,2024-07-13,1,8,6,15876
115,2024-07-18,27,14,4,16796
116,2024-04-22,28,5,8,3496
117,2024-07-18,43,6,7,10864
118,2024-08-27,9,15,1,3427
119,2024-10-30,43,10,1,887
120,2024-11-25,9,7,8,13504
121,2024-01-26,25,5,6,11598
122,2024-08-20,22,6,7,17353
123,2024-08-03,6,5,8,2864
124,2024-10-03,23,1,4,3048
125,2024-11-29,49,1,1,2225
126,2024-04-12,2,14,3,6462
127,2024-03-05,43,8,2,9640
128,2024-04-21,45,8,5,16105
129,2024-03-26,39,10,2,3082
130,2024-06-08,38,2,1,2755
131,2024-10-21,25,11,7,12768
132,2024-02-08,45,10,4,4136
133,2024-12-22,20,13,2,9672
134,2024-01-22,35,6,7,22645
135,2024-02-05,42,9,6,1818
136,2024-08-03,32,14,2,7502
137,2024-07-04,30,11,3,11301
138,2024-03-31,34,12,5,23040
139,2024-09-04,28,8,5,14200
140,2024-05-05,6,14,5,19460
141,2024-05-04,30,13,7,20685
142,2024-01-15,21,8,3,12582
143,2024-04-18,17,6,6,14940
144,2024-11-01,18,12,1,4432
145,2024-04-07,16,2,7,29414
146,2024-10-11,16,13,8,33760
147,2024-08-17,2,13,2,5220
148,2024-04-23,45,7,4,10832
149,2024-12-05,24,10,8,37872
150,2024-09-28,28,6,6,18492
151,2024-12-25,18,8,5,11295
152,2024-04-28,47,2,4,11136
153,2024-03-02,35,12,3,5307
154,2024-04-20,31,12,5,22485
155,2024-11-01,7,5,4,10504
156,2024-04-26,12,6,5,1575
157,2024-12-28,9,9,5,2860
158,2024-01-28,19,9,3,12663
159,2024-02-22,1,14,5,20225
160,2024-09-02,22,8,3,1860
161,2024-05-09,31,14,2,1470
162,2024-07-24,5,8,1,1442
163,2024-03-17,37,13,5,4485
164,2024-05-07,36,2,7,14336
165,2024-09-24,29,7,8,21080
166,2024-10-28,20,7,1,1012
167,2024-04-16,14,11,5,4325
168,2024-03-21,12,4,2,2964
169,2024-01-02,29,7,8,20680
170,2024-01-17,19,4,5,19595
171,2024-02-06,15,11,5,9100
172,2024-08-05,35,2,4,5680
173,2024-05-16,10,14,2,1376
174,2024-03-25,20,13,5,18985
175,2024-03-04,45,8,5,17485
176,2024-05-19,35,9,8,30288
177,2024-02-11,3,10,7,19880
178,2024-11-05,2,5,2,4150
179,2024-12-11,37,14,1,2407
180,2024-10-22,49,1,3,12162
181,2024-09-22,29,11,5,8430
182,2024-10-26,41,7,8,7576
183,2024-08-28,27,6,6,16980
184,2024-12-09,11,2,6,21432
185,2024-12-21,19,8,7,32942
186,2024-01-19,6,8,6,13602
187,2024-06-14,50,2,7,30905
188,2024-01-01,35,11,8,28680
189,2024-01-28,34,4,6,25698
190,2024-11-16,49,8,1,1867
191,2024-05-16,9,9,5,18945
192,2024-12-23,8,8,1,2160
193,2024-12-29,20,3,1,4724
194,2024-07-27,15,2,2,7960
195,2024-03-01,10,11,8,20720
196,2024-09-17,18,12,7,29064
197,2024-08-29,30,4,3,10026
198,2024-04-07,39,15,3,2313
199,2024-05-21,27,13,6,26154
200,2024-05-16,1,14,5,13225
201,2024-10-27,43,10,8,11336
202,2024-08-16,31,9,6,17538
203,2024-10-09,35,13,7,27510
204,2024-06-13,13,14,4,19536
205,2024-07-15,50,4,7,3899
206,2024-06-11,31,12,7,23534
207,2024-12-05,42,13,3,12771
208,2024-01-19,33,3,6,6132
209,2024-08-13,34,2,8,2600
210,2024-03-14,42,7,3,2436
211,2024-08-28,17,13,6,20736
212,2024-11-28,22,2,7,19558
213,2024-11-16,49,12,8,37056
214,2024-01-19,5,10,4,10216
215,2024-04-26,6,12,7,7042
216,2024-11-20,7,12,8,12496
217,2024-12-21,2,5,1,2857
218,2024-01-29,23,5,6,22368
219,2024-03-15,34,4,7,33852
220,2024-12-15,12,13,3,4902
221,2024-02-10,25,10,4,17104
222,2024-10-25,15,3,8,18240
223,2024-08-23,43,5,1,4011
224,2024-05-27,35,11,3,2415
225,2024-08-14,38,6,5,18375
226,2024-12-19,30,5,5,9155
227,2024-07-15,31,14,2,4286
228,2024-07-14,23,10,5,13090
229,2024-01-12,43,14,7,17136
230,2024-01-05,44,10,1,4269
231,2024-05-26,15,13,6,11964
232,2024-11-21,40,4,5,6600
233,2024-11-17,41,2,1,2730
234,2024-08-13,38,1,6,7656
235,2024-02-16,19,15,6,21618
236,2024-03-30,9,4,6,27288
237,2024-09-13,18,15,3,6915
238,2024-09-03,19,13,6,6858
239,2024-08-27,10,2,4,13820
240,2024-10-12,6,6,7,2198
241,2024-05-15,8,9,8,25752
242,2024-12-10,44,12,5,24940
243,2024-07-14,41,14,6,6522
244,2024-12-11,31,4,1,4799
245,2024-06-16,40,15,4,2868
246,2024-11-21,30,14,5,17720
247,2024-02-29,3,3,1,2693
248,2024-09-09,7,2,4,18412
249,2024-03-10,30,7,6,27750
250,2024-08-02,48,10,3,10794
251,2024-12-01,32,2,7,17437
252,2024-01-17,24,12,4,15328
253,2024-08-15,24,4,2,6418
254,2024-10-05,42,15,6,4176
255,2024-07-22,13,5,2,7850
256,2024-02-16,14,11,1,614
257,2024-06-19,9,4,4,3048
258,2024-10-10,38,4,4,8432
259,2024-06-17,10,13,1,2471
260,2024-03-15,35,3,5,8145
261,2024-02-26,2,11,3,963
262,2024-07-02,16,13,6,1974
263,2024-03-30,4,5,3,10944
264,2024-09-26,48,2,2,8202
265,2024-08-17,24,13,2,7804
266,2024-09-14,40,4,1,4471
267,2024-06-03,42,8,1,698
268,2024-09-02,26,14,7,7588
269,2024-09-08,29,12,2,1722
270,2024-06-13,10,10,2,2466
271,2024-05-20,41,10,6,19920
272,2024-11-01,19,9,8,34728
273,2024-11-05,7,7,2,9432
274,2024-04-20,29,7,4,14356
275,2024-06-22,30,14,7,25249
276,2024-02-18,28,6,6,13728
277,2024-07-10,44,3,8,5992
278,2024-02-16,6,14,2,7474
279,2024-02-19,48,12,6,7590
280,2024-10-11,38,1,6,7206
281,2024-07-29,43,6,7,4347
282,2024-05-27,20,10,6,6288
283,2024-10-22,14,9,3,12450
284,2024-04-24,7,14,6,28536
285,2024-07-07,49,2,5,24515
286,2024-04-25,28,13,1,2390
287,2024-01-15,18,3,5,14915
288,2024-06-28,12,1,3,14517
289,2024-12-02,5,7,3,1353
290,2024-02-16,34,12,4,13124
291,2024-08-02,22,8,3,9693
292,2024-06-08,21,12,2,1260
293,2024-03-20,49,3,1,868
294,2024-05-19,43,8,7,29246
295,2024-11-06,27,8,5,9825
296,2024-09-19,23,2,7,7756
297,2024-05-25,44,11,8,36128
298,2024-12-07,3,5,4,13748
299,2024-11-02,1,1,4,10676
300,2024-04-18,9,13,5,12855
301,2024-06-16,1,2,8,29816
302,2024-03-30,25,3,4,17192
303,2024-10-13,43,14,6,4740
304,2024-07-22,48,14,1,3773
305,2024-01-10,5,8,6,29496
306,2024-08-07,26,10,7,17997
307,2024-02-28,2,7,6,9642
308,2024-11-12,45,8,6,5526
309,2024-08-11,7,14,4,15076
310,2024-10-28,34,7,2,6884
311,2024-06-07,22,12,4,11712
312,2024-03-27,33,2,2,9092
313,2024-09-18,50,4,6,18456
314,2024-11-26,10,14,4,4168
315,2024-03-15,13,5,3,4356
316,2024-12-01,12,2,8,32000
317,2024-10-15,38,13,8,38592
318,2024-11-25,40,11,6,16734
319,2024-03-18,5,8,8,30576
320,2024-11-19,18,5,1,3083
321,2024-09-16,20,2,8,31216
322,2024-01-20,24,1,5,4140
323,2024-11-26,6,14,7,27930
324,2024-10-24,48,9,1,3884
325,2024-10-19,13,11,6,24576
326,2024-09-13,4,3,8,8376
327,2024-06-24,6,12,3,1560
328,2024-05-06,29,12,8,35944
329,2024-09-24,11,10,6,19524
330,2024-05-24,27,7,6,3768
331,2024-11-19,22,11,2,5800
332,2024-02-18,44,9,7,17689
333,2024-05-09,43,12,3,8790
334,2024-02-11,43,10,3,9195
335,2024-06-07,45,11,7,8792
336,2024-10-31,6,12,5,23890
337,2024-07-11,22,11,3,13536
338,2024-02-17,43,11,7,30555
339,2024-07-04,24,1,5,8380
340,2024-04-19,50,6,8,14176
341,2024-04-25,10,3,2,5246
342,2024-02-21,50,9,1,2958
343,2024-11-12,39,3,7,10241
344,2024-03-24,45,3,3,11355
345,2024-01-23,24,7,4,15352
346,2024-11-08,49,5,8,16928
347,2024-09-30,20,4,8,14312
348,2024-07-07,37,11,8,31856
349,2024-05-24,25,13,7,10689
350,2024-04-12,39,13,3,6744
351,2024-01-27,31,11,6,28452
352,2024-02-22,34,12,2,5070
353,2024-02-12,11,13,5,19400
354,2024-09-19,28,3,2,4036
355,2024-08-18,23,15,1,3598
356,2024-01-28,33,7,6,12786
357,2024-07-16,24,2,4,1720
358,2024-06-12,7,15,6,8376
359,2024-03-11,19,1,8,10688
360,2024-12-27,29,8,1,849
361,2024-01-10,14,5,3,14085
362,2024-11-07,28,9,2,5120
363,2024-05-01,8,5,1,2153
364,2024-08-02,40,11,8,5712
365,2024-02-26,32,14,1,4421
366,2024-10-21,46,4,3,7758
367,2024-08-07,40,1,6,13020
368,2024-10-19,12,7,2,8976
369,2024-07-03,34,2,1,3398
370,2024-08-28,41,1,7,22806
371,2024-05-09,2,12,6,4518
372,2024-06-25,47,4,2,9932
373,2024-06-19,3,3,6,28032
374,2024-06-22,42,14,3,12018
375,2024-12-22,41,8,3,3912
376,2024-02-02,50,12,8,4016
377,2024-05-30,3,4,4,2172
378,2024-06-10,20,15,7,32536
379,2024-08-30,3,5,4,10172
380,2024-07-01,50,14,1,2919
381,2024-05-19,24,2,7,24332
382,2024-08-13,25,15,6,10380
383,2024-09-11,32,12,6,26718
384,2024-05-16,6,13,7,5922
385,2024-08-08,12,10,5,14155
386,2024-02-22,21,2,5,13550
387,2024-08-16,46,10,7,10955
388,2024-12-19,23,8,8,4368
389,2024-06-29,28,10,5,3345
390,2024-02-08,41,11,7,22232
391,2024-09-19,48,13,3,1365
392,2024-03-14,39,14,8,3880
393,2024-03-05,16,2,6,18996
394,2024-07-15,3,10,3,11655
395,2024-07-08,29,6,2,9802
396,2024-03-11,24,9,7,19425
397,2024-11-28,16,5,2,824
398,2024-04-05,34,8,7,33607
399,2024-03-01,50,5,5,19275
400,2024-04-19,19,10,8,14712
401,2024-03-03,5,3,8,12912
402,2024-12-31,6,8,6,18276
403,2024-12-29,36,2,5,13285
404,2024-03-21,46,12,3,9483
405,2024-09-17,8,4,4,5348
406,2024-05-01,32,13,1,3156
407,2024-10-10,24,10,8,37752
408,2024-03-07,6,10,2,5466
409,2024-07-22,47,12,8,36048
410,2024-07-29,27,13,2,2452
411,2024-06-11,5,11,8,32128
412,2024-12-14,23,9,3,14148
413,2024-11-23,12,10,3,11232
414,2024-09-14,4,15,2,8888
415,2024-03-19,11,5,3,8529
416,2024-12-29,23,4,5,4230
417,2024-05-08,41,4,5,6125
418,2024-11-16,40,5,2,8634
419,2024-11-24,38,3,3,4806
420,2024-12-03,47,10,6,28902
421,2024-01-22,2,14,2,1144
422,2024-11-24,37,13,5,9630
423,2024-10-19,40,7,1,4279
424,2024-11-17,19,9,5,20780
425,2024-05-05,44,13,7,18452
426,2024-08-20,45,2,1,1494
427,2024-08-13,31,7,8,14968
428,2024-06-23,10,10,6,16890
429,2024-06-25,9,7,6,26508
430,2024-10-14,21,2,4,16084
431,2024-03-03,29,5,4,5416
432,2024-02-19,19,1,7,25375
433,2024-05-07,11,14,6,29592
434,2024-06-09,49,4,3,12843
435,2024-09-20,32,8,5,21370
436,2024-01-12,26,2,8,17376
437,2024-04-20,23,10,1,614
438,2024-05-24,39,8,8,20320
439,2024-10-01,7,1,7,9079
440,2024-05-15,24,12,7,22379
441,2024-01-24,4,7,4,12676
442,2024-10-10,5,5,7,30310
443,2024-08-18,36,13,5,5865
444,2024-03-06,26,2,6,17862
445,2024-10-12,49,6,3,5490
446,2024-11-04,26,9,1,571
447,2024-01-20,46,3,6,24480
448,2024-09-22,10,8,3,8658
449,2024-11-09,11,6,7,18557
450,2024-10-30,33,6,8,38488
451,2024-06-02,2,8,6,17478
452,2024-12-10,27,2,5,2090
453,2024-11-01,17,8,4,2480
454,2024-10-25,11,8,7,9870
455,2024-12-14,3,4,2,3524
456,2024-01-10,21,8,7,10080
457,2024-07-30,14,12,7,30170
458,2024-11-09,31,15,1,1331
459,2024-09-22,36,4,6,24708
460,2024-09-26,21,7,3,11895
461,2024-09-29,35,6,6,14190
462,2024-11-08,13,8,4,9940
463,2024-10-12,15,5,5,12835
464,2024-12-26,45,4,8,22376
465,2024-09-02,36,6,5,12785
466,2024-03-03,44,10,7,24024
467,2024-06-25,10,13,5,2720
468,2024-05-27,6,12,6,22938
469,2024-12-01,48,5,8,15616
470,2024-04-13,35,14,5,24020
471,2024-12-22,9,5,2,4320
472,2024-05-04,43,1,4,8428
473,2024-01-27,27,2,6,24414
474,2024-02-21,50,11,3,726
475,2024-10-08,11,15,7,28672
476,2024-09-01,13,11,5,14155
477,2024-05-26,4,11,2,9806
478,2024-04-28,48,9,1,1634
479,2024-08-01,12,15,1,3452
480,2024-09-10,48,3,5,2530
481,2024-01-05,37,5,2,5888
482,2024-05-25,42,8,8,10392
483,2024-09-15,18,8,4,4488
484,2024-06-18,47,3,8,18456
485,2024-04-05,48,1,6,15696
486,2024-10-17,49,11,4,6548
487,2024-11-08,41,14,7,25921
488,2024-09-20,6,6,7,6867
489,2024-04-04,31,3,6,13392
490,2024-01-04,25,5,4,15436
491,2024-05-16,20,6,1,2342
492,2024-11-30,45,6,4,2832
493,2024-12-07,30,2,5,7540
494,2024-07-26,33,11,5,5805
495,2024-11-23,19,15,6,12054
496,2024-04-22,31,3,3,11781
497,2024-11-06,27,6,8,36824
498,2024-12-06,14,14,4,3480
499,2024-09-26,34,8,6,5034
500,2024-10-15,4,2,4,19564
501,2024-10-01,11,3,6,26772
502,2024-08-14,44,2,4,19908
503,2024-09-07,33,2,8,5240
504,2024-08-20,33,3,7,27594
505,2024-10-15,36,1,8,21792
506,2024-01-12,17,7,1,1985
507,2024-10-23,3,2,7,21154
508,2024-12-24,35,2,1,765
509,2024-08-29,19,1,7,11718
510,2024-03-10,42,13,7,22869
511,2024-07-14,25,8,7,5999
512,2024-12-15,35,11,3,9144
513,2024-03-01,35,3,7,31724
514,2024-03-06,15,12,1,386
515,2024-06-01,44,8,7,31899
516,2024-07-13,15,14,4,15892
517,2024-06-26,18,3,4,4496
518,2024-01-17,43,13,7,2296
519,2024-05-03,5,4,2,950
520,2024-08-16,44,10,1,2204
521,2024-01-23,29,7,4,18484
522,2024-04-21,50,13,1,1347
523,2024-09-14,15,5,6,29580
524,2024-11-02,44,13,6,12840
525,2024-06-03,10,15,4,14348
526,2024-06-02,4,5,3,11097
527,2024-10-11,4,8,6,19932
528,2024-09-25,45,6,7,24808
529,2024-03-17,25,5,3,13818
530,2024-08-30,15,4,5,6910
531,2024-08-25,4,15,7,25284
532,2024-10-12,9,9,7,15323
533,2024-05-10,22,4,2,7768
534,2024-07-08,35,2,4,2488
535,2024-05-17,44,7,1,796
536,2024-04-06,49,13,4,16508
537,2024-04-16,22,14,5,1625
538,2024-04-18,13,15,2,8246
539,2024-05-04,39,12,4,13796
540,2024-05-02,21,9,5,16590
541,2024-08-26,42,9,6,16356
542,2024-05-13,33,6,8,32136
543,2024-02-20,47,13,8,22584
544,2024-04-14,21,6,7,4018
545,2024-10-15,15,14,3,996
546,2024-05-13,38,9,7,18326
547,2024-03-19,22,4,4,13244
548,2024-10-18,16,14,8,37680
549,2024-12-01,22,11,5,21010
550,2024-11-24,32,12,8,12624
551,2024-06-29,9,3,8,13656
552,2024-10-04,4,11,1,808
553,2024-12-08,49,1,1,3578
554,2024-03-11,41,14,4,3024
555,2024-12-28,1,3,4,17368
556,2024-08-21,4,6,8,33568
557,2024-01-09,35,1,7,2079
558,2024-01-09,47,9,5,22940
559,2024-05-26,33,1,7,11676
560,2024-02-24,7,15,3,6522
561,2024-04-08,34,10,5,15515
562,2024-05-16,26,13,2,6512
563,2024-07-26,37,8,4,8200
564,2024-06-02,6,11,1,965
565,2024-07-26,25,7,8,5272
566,2024-11-22,45,1,3,2631
567,2024-09-12,28,14,6,29010
568,2024-02-18,34,15,1,2082
569,2024-04-18,45,15,8,19360
570,2024-01-24,5,15,5,23240
571,2024-10-15,3,11,3,8328
572,2024-01-09,38,4,3,10386
573,2024-02-09,11,5,4,19368
574,2024-07-18,35,11,6,20064
575,2024-03-12,45,13,2,8604
576,2024-06-26,7,1,7,14707
577,2024-02-08,39,6,7,20111
578,2024-01-16,18,11,8,33752
579,2024-04-26,36,6,7,26159
580,2024-04-05,38,11,7,6314
581,2024-11-12,16,5,2,1744
582,2024-05-17,25,3,3,10173
583,2024-06-11,7,6,2,484
584,2024-06-06,24,8,5,5185
585,2024-03-08,12,2,7,27132
586,2024-10-12,33,9,7,7322
587,2024-01-14,23,2,2,5714
588,2024-07-16,19,1,7,23632
589,2024-02-13,36,12,4,19540
590,2024-09-23,44,3,7,11116
591,2024-03-12,20,5,5,21195
592,2024-03-15,11,2,7,17220
593,2024-08-03,31,5,2,6316
594,2024-05-08,47,4,8,14408
595,2024-08-22,9,2,5,1275
596,2024-07-21,40,6,7,20293
597,2024-08-13,28,6,3,7983
598,2024-06-13,45,10,4,16496
599,2024-06-09,26,3,6,15522
600,2024-12-21,32,11,4,11476
601,2024-07-11,26,5,6,6792
602,2024-10-15,38,4,3,14118
603,2024-01-14,30,12,4,15164
604,2024-05-29,45,14,2,7102
605,2024-12-10,9,8,5,10910
606,2024-05-09,10,11,7,23016
607,2024-02-07,39,8,8,39752
608,2024-07-24,33,9,7,32571
609,2024-01-19,24,13,2,2190
610,2024-05-07,43,11,6,9372
611,2024-11-27,3,10,7,20412
612,2024-08-08,1,2,2,4638
613,2024-04-23,48,9,4,15404
614,2024-07-10,30,7,3,9075
615,2024-01-13,7,8,5,18035
616,2024-02-13,47,2,3,9159
617,2024-06-08,30,6,4,17872
618,2024-09-04,31,6,2,7578
619,2024-12-22,21,8,2,5318
620,2024-01-23,46,13,2,770
621,2024-06-24,7,11,3,6594
622,2024-09-21,36,3,3,8733
623,2024-10-13,30,7,4,14072
624,2024-11-18,12,3,7,24080
625,2024-01-15,40,12,4,15528
626,2024-10-30,25,7,1,1959
627,2024-04-15,49,5,2,9858
628,2024-02-22,35,13,3,9588
629,2024-06-15,30,4,2,4698
630,2024-12-09,32,14,6,20298
631,2024-11-08,38,7,2,6100
632,2024-06-29,30,14,3,7908
633,2024-11-10,6,10,3,8295
634,2024-03-01,20,4,2,3398
635,2024-07-10,10,12,7,25382
636,2024-11-01,37,3,7,25655
637,2024-04-05,41,8,3,14235
638,2024-03-26,19,8,3,5196
639,2024-06-10,29,14,1,3141
640,2024-01-05,9,8,4,13380
641,2024-10-14,42,9,8,28408
642,2024-12-16,27,8,8,33624
643,2024-03-26,37,2,1,2006
644,2024-05-29,18,1,4,18416
645,2024-05-27,50,3,8,38664
646,2024-09-10,33,9,2,9782
647,2024-02-28,50,5,6,27840
648,2024-01-22,47,13,8,37400
649,2024-04-21,7,7,4,10552
650,2024-01-17,17,8,6,5472
651,2024-08-12,8,14,4,7676
652,2024-10-28,23,12,7,10913
653,2024-11-11,14,3,4,2744
654,2024-10-18,35,6,5,23065
655,2024-03-27,46,6,5,12850
656,2024-10-20,33,5,2,2620
657,2024-07-29,4,15,5,6195
658,2024-12-25,9,14,4,5592
659,2024-12-30,16,6,7,29463
660,2024-03-13,41,10,5,17965
661,2024-07-11,5,8,2,7000
662,2024-09-20,18,12,6,23544
663,2024-09-06,38,6,1,963
664,2024-08-22,43,11,6,4308
665,2024-09-30,14,7,7,13545
666,2024-09-10,21,5,5,14830
667,2024-10-07,9,10,8,24120
668,2024-12-15,4,13,1,1015
669,2024-11-16,30,13,1,1217
670,2024-03-21,30,8,1,3704
671,2024-04-13,9,12,5,7510
672,2024-05-20,42,2,6,13506
673,2024-02-12,43,6,3,1872
674,2024-07-21,20,11,4,14864
675,2024-12-01,46,2,2,416
676,2024-04-19,5,8,3,6156
677,2024-09-22,29,11,1,266
678,2024-12-22,8,6,7,8974
679,2024-09-01,15,2,7,6517
680,2024-02-22,21,2,6,15906
681,2024-03-11,50,7,3,4110
682,2024-02-05,37,9,1,1544
683,2024-08-13,47,6,4,5760
684,2024-07-29,44,10,8,15832
685,2024-02-14,7,15,3,3624
686,2024-10-28,25,12,6,22302
687,2024-06-10,9,13,4,9872
688,2024-11-26,16,2,5,2095
689,2024-12-03,20,15,4,17764
690,2024-11-06,13,9,7,18347
691,2024-11-26,16,1,8,26888
692,2024-02-27,32,4,2,9054
693,2024-01-07,21,6,3,10104
694,2024-10-18,24,7,3,12174
695,2024-02-07,38,1,2,624
696,2024-05-14,3,4,1,3460
697,2024-09-16,41,5,7,25683
698,2024-12-25,6,7,3,7419
699,2024-02-12,6,5,4,5888
700,2024-10-01,26,6,2,5480
701,2024-12-23,47,7,4,2696
702,2024-05-05,28,2,2,7828
703,2024-11-09,4,10,5,8190
704,2024-03-02,46,1,3,876
705,2024-03-24,23,8,5,7835
706,2024-07-09,48,3,5,5835
707,2024-01-16,28,6,5,22455
708,2024-02-02,46,5,2,8528
709,2024-08-21,24,9,1,4292
710,2024-10-17,24,3,3,6867
711,2024-02-22,37,15,2,4142
712,2024-09-17,3,1,1,2203
713,2024-01-24,24,8,7,10003
714,2024-04-01,3,15,7,14273
715,2024-06-13,27,4,6,14532
716,2024-02-09,24,10,2,8624
717,2024-12-10,4,15,3,6084
718,2024-09-21,26,1,2,8020
719,2024-05-24,20,13,6,5442
720,2024-10-10,1,8,6,11058
721,2024-05-29,20,10,4,16000
722,2024-07-07,32,10,4,18708
723,2024-05-05,1,3,7,2765
724,2024-04-29,23,9,1,2944
725,2024-01-01,43,13,7,19033
726,2024-02-23,34,4,4,14556
727,2024-09-08,10,1,5,4810
728,2024-01-23,15,15,7,22757
729,2024-08-22,6,12,2,8680
730,2024-03-09,26,11,2,9702
731,2024-02-01,43,7,3,6417
732,2024-05-29,21,5,7,20104
733,2024-06-11,18,8,4,3244
734,2024-04-13,50,3,2,2946
735,2024-02-24,29,3,8,22176
736,2024-07-27,35,2,6,11400
737,2024-08-19,30,5,5,5910
738,2024-02-16,44,3,5,2650
739,2024-04-20,21,14,3,2841
740,2024-12-30,23,4,7,30842
741,2024-01-26,20,11,5,8120
742,2024-01-16,29,7,4,3900
743,2024-08-24,9,2,2,594
744,2024-02-01,50,14,4,5080
745,2024-04-11,26,14,6,5328
746,2024-10-25,17,10,2,756
747,2024-02-03,42,4,8,10040
748,2024-02-17,22,15,2,1098
749,2024-08-24,11,1,7,24045
750,2024-09-11,25,1,7,11305
751,2024-06-30,12,4,5,12460
752,2024-08-16,10,15,1,2213
753,2024-11-27,32,5,7,32977
754,2024-09-02,6,1,5,16685
755,2024-03-11,13,7,4,18612
756,2024-01-10,46,7,6,24774
757,2024-10-05,32,13,6,28998
758,2024-09-14,25,6,5,8365
759,2024-01-14,39,6,4,1760
760,2024-05-23,31,1,6,29904
761,2024-04-29,7,3,4,8700
762,2024-05-16,48,9,1,1997
763,2024-10-21,25,14,6,9738
764,2024-03-31,38,4,6,18834
765,2024-10-29,46,1,6,29100
766,2024-10-15,37,3,4,16928
767,2024-10-04,12,5,8,4080
768,2024-02-16,15,1,4,1452
769,2024-09-26,1,8,6,11100
770,2024-03-07,46,6,3,8550
771,2024-01-31,10,1,3,3324
772,2024-09-26,24,14,2,6520
773,2024-12-26,26,11,2,5914
774,2024-06-03,9,6,3,11334
775,2024-11-23,42,8,6,9762
776,2024-12-28,45,9,6,12168
777,2024-12-06,12,10,7,18991
778,2024-12-18,9,5,3,642
779,2024-12-25,26,10,1,1691
780,2024-11-04,40,6,4,19328
781,2024-02-23,32,15,3,8736
782,2024-02-09,23,4,6,9450
783,2024-11-21,6,15,6,23148
784,2024-01-06,14,5,4,3020
785,2024-06-28,7,5,1,594
786,2024-07-16,47,8,7,10934
787,2024-07-30,25,8,6,28038
788,2024-07-11,31,2,4,6128
789,2024-08-19,3,2,5,1820
790,2024-06-12,7,5,2,6000
791,2024-03-28,25,15,3,2442
792,2024-10-07,6,15,6,24924
793,2024-12-26,28,1,3,11268
794,2024-03-21,7,1,6,11298
795,2024-04-07,45,7,5,12530
796,2024-06-01,7,4,1,3418
797,2024-10-19,32,9,3,1938
798,2024-07-03,28,1,2,5224
799,2024-12-04,39,11,8,14680
800,2024-02-19,14,1,3,7770
801,2024-02-11,8,8,5,17280
802,2024-08-29,43,8,5,4730
803,2024-11-24,25,9,3,9717
804,2024-07-14,12,6,8,4520
805,2024-05-14,30,8,5,10265
806,2024-05-17,4,10,3,2976
807,2024-02-13,23,11,7,14441
808,2024-10-10,25,1,7,32102
809,2024-12-17,31,14,4,16404
810,2024-06-02,26,2,1,4313
811,2024-10-19,34,15,3,3555
812,2024-08-17,11,3,4,7112
813,2024-03-05,28,1,2,7532
814,2024-04-13,41,14,3,6936
815,2024-06-12,47,15,2,1824
816,2024-07-17,26,9,6,14772
817,2024-09-23,1,8,7,7847
818,2024-07-31,10,3,2,2130
819,2024-10-15,7,13,5,22935
820,2024-06-25,27,15,5,16685
821,2024-12-01,37,8,8,4048
822,2024-03-29,26,5,3,10470
823,2024-01-20,22,7,4,2412
824,2024-08-31,18,15,6,2190
825,2024-06-21,20,14,5,12480
826,2024-09-08,45,14,2,4134
827,2024-03-09,48,5,8,22624
828,2024-05-17,27,12,2,3478
829,2024-08-14,27,4,8,35448
830,2024-07-10,4,14,3,2211
831,2024-06-08,33,12,7,9177
832,2024-09-25,37,15,1,1623
833,2024-04-08,13,15,1,2243
834,2024-01-17,4,8,6,10986
835,2024-05-20,30,6,7,8498
836,2024-12-14,16,1,6,25224
837,2024-10-31,12,8,8,37728
838,2024-06-28,11,6,5,4700
839,2024-05-25,25,1,1,1534
840,2024-10-19,14,13,4,8176
841,2024-12-12,18,4,7,30828
842,2024-01-11,50,14,1,4083
843,2024-03-08,12,11,1,2033
844,2024-05-09,20,10,5,18355
845,2024-07-11,23,14,8,18112
846,2024-04-21,20,8,7,34916
847,2024-02-22,33,1,6,28794
848,2024-11-27,39,10,5,13225
849,2024-12-16,31,2,2,5908
850,2024-05-21,21,11,5,11695
851,2024-12-01,42,12,5,8715
852,2024-03-17,49,9,4,2660
853,2024-11-03,43,7,6,8076
854,2024-01-14,32,11,5,11625
855,2024-08-02,25,7,1,4976
856,2024-12-28,13,10,6,12126
857,2024-12-17,41,9,8,25088
858,2024-09-16,11,5,3,7818
859,2024-02-19,9,8,5,23895
860,2024-04-03,22,11,2,4040
861,2024-06-30,48,4,5,18220
862,2024-06-18,17,6,5,19995
863,2024-03-01,4,8,2,8136
864,2024-04-09,8,9,7,31780
865,2024-06-01,4,7,3,3975
866,2024-04-12,27,6,8,10984
867,2024-06-10,46,14,3,2586
868,2024-09-06,41,6,3,8301
869,2024-11-20,1,1,8,19520
870,2024-04-17,50,13,3,14760
871,2024-03-22,49,8,2,2520
872,2024-11-10,41,7,7,24528
873,2024-08-07,25,8,1,509
874,2024-09-30,47,4,6,1890
875,2024-06-13,34,13,4,1384
876,2024-12-12,41,1,4,8212
877,2024-12-21,23,15,5,6280
878,2024-02-22,33,7,5,7840
879,2024-02-03,3,14,5,12910
880,2024-08-21,34,12,6,22512
881,2024-12-17,22,3,8,25136
882,2024-04-06,26,3,1,2071
883,2024-04-24,9,12,4,1516
884,2024-10-28,11,9,2,6406
885,2024-12-30,3,11,7,16065
886,2024-09-30,4,10,1,1085
887,2024-11-30,2,14,1,1148
888,2024-08-01,25,8,2,9366
889,2024-05-09,45,8,3,5649
890,2024-12-21,41,11,1,2666
891,2024-08-03,7,11,5,6615
892,2024-08-02,7,14,2,5030
893,2024-02-28,7,13,8,14616
894,2024-11-07,50,4,5,22425
895,2024-04-13,46,6,7,18333
896,2024-03-23,36,1,8,15208
897,2024-12-18,31,15,6,12726
898,2024-01-02,43,1,2,2208
899,2024-10-20,32,11,3,2811
900,2024-09-18,47,2,2,4592
901,2024-11-25,30,4,5,11815
902,2024-08-25,7,1,3,1569
903,2024-05-28,44,6,6,22134
904,2024-02-29,49,2,1,279
905,2024-03-11,42,11,3,8676
906,2024-07-02,29,15,5,4805
907,2024-07-09,22,14,3,3396
908,2024-07-24,30,7,5,16795
909,2024-12-19,31,14,7,10962
910,2024-02-27,45,3,1,1505
911,2024-02-23,38,7,8,38880
912,2024-12-13,12,8,7,21959
913,2024-11-09,44,1,3,12471
914,2024-09-06,27,2,8,4608
915,2024-02-02,42,5,6,1806
916,2024-12-26,44,14,4,11884
917,2024-09-22,45,9,2,7490
918,2024-12-04,16,12,8,24256
919,2024-12-05,42,11,7,9919
920,2024-10-12,40,15,1,295
921,2024-11-25,11,15,8,34088
922,2024-03-25,49,2,8,22608
923,2024-05-03,18,6,1,4352
924,2024-04-24,42,9,7,24521
925,2024-04-30,30,2,8,39152
926,2024-08-17,32,2,8,22312
927,2024-03-01,48,8,1,1040
928,2024-07-25,3,7,1,944
929,2024-11-05,41,10,5,21820
930,2024-10-14,42,4,8,23936
931,2024-07-05,4,14,4,15688
932,2024-06-18,50,9,8,25408
933,2024-08-19,7,2,4,868
934,2024-06-23,41,6,5,23430
935,2024-09-24,45,6,2,1150
936,2024-03-25,9,8,7,7532
937,2024-05-10,13,10,4,4756
938,2024-07-20,30,4,4,11872
939,2024-02-25,27,13,1,1209
940,2024-08-18,43,8,3,12858
941,2024-01-03,48,9,1,4732
942,2024-08-09,38,14,8,34912
943,2024-03-31,38,12,3,3753
944,2024-02-23,43,7,6,25974
945,2024-07-15,39,7,4,9764
946,2024-07-22,19,6,8,10336
947,2024-03-11,39,7,5,23435
948,2024-06-09,48,12,4,7380
949,2024-04-17,46,10,5,15140
950,2024-12-10,46,3,3,12981
951,2024-10-04,41,12,6,6870
952,2024-06-29,31,9,7,32011
953,2024-05-26,28,15,1,4482
954,2024-02-24,25,1,3,1902
955,2024-12-09,13,1,5,7590
956,2024-05-26,17,11,3,2124
957,2024-12-19,19,13,4,18532
958,2024-01-17,29,6,2,9604
959,2024-04-24,42,12,7,15022
960,2024-09-18,45,13,5,2920
961,2024-07-14,27,7,6,28338
962,2024-01-28,48,1,5,9315
963,2024-11-13,50,14,8,16376
964,2024-11-20,46,12,6,28062
965,2024-11-04,50,4,4,10436
966,2024-08-17,44,3,2,3462
967,2024-03-29,33,12,2,6580
968,2024-01-21,18,7,5,6325
969,2024-03-23,17,10,1,2907
970,2024-08-26,10,12,1,1459
971,2024-06-14,4,10,5,21090
972,2024-10-20,23,9,2,5606
973,2024-09-26,12,4,2,8676
974,2024-03-22,35,7,7,6671
975,2024-06-27,14,4,6,17472
976,2024-07-03,14,5,8,38384
977,2024-11-28,8,1,6,23100
978,2024-05-03,42,15,4,2104
979,2024-12-15,21,15,7,7896
980,2024-07-16,35,5,5,2010
981,2024-09-21,50,14,6,26478
982,2024-09-17,32,8,1,2628
983,2024-11-29,21,4,2,1972
984,2024-03-26,35,13,1,736
985,2024-04-17,41,11,4,14700
986,2024-02-23,35,4,7,5530
987,2024-12-17,2,3,8,23336
988,2024-01-20,5,2,1,1658
989,2024-05-08,5,9,4,9272
990,2024-07-27,29,7,7,26229
991,2024-06-10,25,1,2,9162
992,2024-01-04,47,11,2,9994
993,2024-01-24,5,12,6,25914
994,2024-02-24,44,5,5,4540
995,2024-05-24,29,13,7,24052
996,2024-12-04,31,1,3,13710
997,2024-04-22,48,3,7,32690
998,2024-05-31,10,11,5,16280
999,2024-01-06,36,9,3,3627
1000,2024-01-22,37,1,7,32200
